,Features,MaxEV,Gini,Coefficients
0,Payment for heart failure patients,0.8163424968679496,0.2324122327914107,1.7109581269281475e-05
1,Payment for hip/knee replacement patients,0.7935454302784111,0.07737762024052465,8.211483004330965e-06
2,Payment for pneumonia patients,0.6498340912881398,0.2583875073386157,1.1923979893597222e-05
