,Features,MaxEV,Gini,Coefficients
0,Patients who gave their hospital a rating of 9 or 10 on a scale from 0 (lowest) to 10 (highest),0.13186228526177599,0.009858851368357447,0.15901900951086817
1,Hospital overall rating,0.20878314559624167,0.012490601947337917,0.38978859772411334
