,Features,MaxEV,Gini,Coefficients
0,Payment for heart failure patients,0.816341234112341,0.024664169974917036,1.7109581269281475e-05
1,Payment for hip/knee replacement patients,0.7935412548734729,0.025566496682325305,8.211483004330965e-06
2,Payment for pneumonia patients,0.6498293525381239,0.07300805057643178,1.1923979893597222e-05
